Wall time,Step,Value
1712358141.566139,973,-13300.375
1712358151.9273298,1590,-15832.0
1712358155.4525294,1793,-16103.5361328125
1712358165.4861715,2389,-17293.97265625
1712358173.3396544,2846,-16571.2734375
1712358178.4561753,3150,-16037.9580078125
1712358186.4616845,3618,-15329.2861328125
1712358190.0475144,3825,-15681.43359375
1712358193.1705399,4002,-15332.53125
1712358196.097151,4165,-15209.1328125
1712358200.2680736,4408,-15494.84765625
1712358206.0199707,4755,-16421.408203125
1712358209.0803745,4926,-16218.1376953125
1712358215.4746342,5311,-17008.296875
1712358229.3739476,6107,-16698.599609375
1712358234.3800519,6404,-16558.130859375
1712358253.4382691,7513,-16615.150390625
1712358258.3712873,7806,-16699.4609375
1712358269.1618538,8455,-16939.970703125
1712358274.538975,8775,-17630.91015625
1712358283.678464,9310,-18644.58984375
1712358293.0516202,9838,-17939.689453125
1712358297.5750532,10105,-18319.470703125
1712358305.939417,10599,-18609.25
1712358308.830452,10760,-17653.880859375
1712358311.5126266,10910,-17322.830078125
1712358316.5526824,11211,-17138.900390625
1712358326.0420396,11773,-17311.0
1712358331.507648,12077,-16564.5
1712358335.1940389,12292,-16680.509765625
1712358348.2437162,13061,-16084.58984375
1712358352.9142084,13336,-16514.640625
1712358357.9171748,13632,-17314.990234375
1712358361.137435,13816,-16914.80078125
1712358364.96021,14038,-16308.0703125
1712358377.3119493,14757,-14927.16015625
1712358381.4539776,14998,-14342.0
1712358390.15093,15510,-15241.7900390625
1712358396.0960772,15841,-14952.0595703125
1712358400.34224,16089,-14960.73046875
1712358403.7281165,16282,-14094.759765625
1712358407.6925974,16511,-14394.16015625
1712358419.875186,17219,-14735.9697265625
1712358423.9505384,17457,-14922.759765625
1712358427.5396457,17663,-14958.349609375
1712358433.08135,17996,-15381.73046875
1712358442.131338,18529,-14845.25
1712358449.634148,18963,-14613.4501953125
1712358453.2640338,19172,-14193.3896484375
1712358471.7170491,20242,-14193.740234375
1712358477.424167,20584,-15139.2099609375
1712358482.144209,20864,-15319.7802734375
1712358487.121373,21162,-15393.7900390625
1712358492.064947,21456,-14667.0
1712358494.7721026,21608,-14668.5595703125
1712358515.8779106,22839,-15980.4599609375
1712358549.7668025,24826,-15658.9599609375
1712358561.2846675,25520,-17008.30078125
1712358564.0518765,25674,-16787.830078125
1712358568.5341036,25936,-16181.33984375
1712358594.5410397,27432,-15895.58984375
1712358604.76679,28017,-14731.669921875
1712358612.2181194,28448,-14796.0703125
1712358615.2513146,28620,-13685.4501953125
1712358618.7051823,28819,-13791.1796875
1712358636.4478495,29867,-13772.7802734375
1712358639.9681277,30071,-13356.7998046875
1712358644.528613,30341,-13211.23046875
1712358655.6994839,30985,-12448.4501953125
1712358659.2374842,31186,-12708.6201171875
1712358672.0943134,31938,-12962.349609375
1712358688.1328175,32865,-12726.9501953125
1712358697.5208933,33419,-13699.400390625
1712358705.9620929,33915,-14279.9404296875
1712358709.7243428,34133,-14631.41015625
1712358713.8073235,34370,-14796.3701171875
1712358717.545982,34585,-14786.1201171875
1712358721.1283782,34790,-14790.3896484375
1712358724.6500962,34993,-14810.1796875
1712358733.5660958,35515,-14363.400390625
1712358740.317525,35899,-14169.2900390625
1712358751.5288963,36544,-14145.7001953125
1712358755.144758,36751,-13950.0703125
1712358757.9607706,36907,-13399.66015625
1712358764.97234,37306,-12770.6796875
1712358768.4772077,37507,-13087.4296875
1712358770.8467894,37634,-12882.9599609375
1712358777.3291388,37999,-11921.6396484375
1712358781.8032756,38261,-11484.1904296875
1712358789.9344769,38738,-11370.330078125
1712358794.7744179,39024,-11369.6298828125
1712358801.1496038,39382,-10608.5498046875
1712358806.472034,39698,-10797.900390625
1712358818.4947674,40398,-11415.599609375
1712358835.2309878,41379,-10934.2998046875
1712358838.41067,41559,-11049.9404296875
1712358843.7920835,41880,-10433.3203125
1712358848.2206438,42141,-10627.1201171875
1712358854.724962,42512,-10535.5
1712358857.8256652,42687,-10480.76953125
1712358866.816261,43218,-11050.0302734375
1712358879.797133,44000,-12746.66015625
1712358884.4047282,44272,-13267.650390625
1712358887.8176675,44467,-13619.990234375
1712358890.9471114,44644,-13165.1103515625
1712358896.9311082,44979,-12263.349609375
1712358900.6920092,45197,-12694.91015625
1712358928.9516382,46850,-12551.6904296875
1712358946.0148869,47846,-13831.740234375
1712358960.9694545,48711,-14314.1201171875
1712358965.4117496,48974,-14008.740234375
1712358969.4428167,49209,-13959.01953125
1712358987.1795645,50161,-12944.6904296875
1712358990.3076708,50279,-12664.6396484375
1712358992.2090585,50345,-12424.75
1712359022.6657953,51772,-16722.4609375
1712359027.168759,51919,-15385.4404296875
1712359028.645694,51966,-15172.6904296875
1712359031.557395,52061,-14561.650390625
1712359033.114906,52113,-14073.3095703125
1712359034.5738754,52162,-13804.2998046875
1712359037.8506312,52272,-12454.26953125
1712359040.7174325,52381,-12188.9501953125
1712359042.7992003,52461,-12068.599609375
1712359045.8559945,52564,-11255.9501953125
1712359047.3504303,52615,-10890.919921875
1712359048.8182514,52664,-10346.2099609375
1712359050.4232473,52720,-9912.2900390625
1712359051.8688233,52765,-9588.6201171875
1712359053.30434,52813,-9050.3701171875
1712359057.8010654,52959,-7594.22021484375
1712359059.4761808,53015,-7458.759765625
1712359062.5869894,53119,-3128.64990234375
1712359068.5768938,53314,-3052.6201171875
1712359070.0479538,53362,-3052.489990234375
1712359073.095834,53464,-3072.889892578125
1712359075.9037204,53555,-2987.830078125
1712359077.4670422,53607,-2967.3701171875
1712359084.6854696,53845,-2664.360107421875
1712359089.0328736,53989,-2578.969970703125
1712359090.768757,54051,-2623.5
1712359092.3900645,54105,-2613.320068359375
1712359093.9575436,54159,-2648.239990234375
1712359096.9305532,54260,-2689.02001953125
1712359102.9557886,54458,-2754.340087890625
1712359106.1536624,54561,-2760.1298828125
1712359109.3784876,54671,-2738.8798828125
1712359111.8880503,54767,-3004.419921875
1712359113.443438,54819,-3094.989990234375
1712359119.914669,55040,-3184.530029296875
1712359121.5639825,55097,-3265.0400390625
1712359124.6593354,55201,-3264.760009765625
1712359129.06465,55365,-3680.22998046875
1712359145.5611563,56117,-5592.3798828125
1712359153.02221,56364,-5582.27001953125
1712359155.928636,56458,-5527.3798828125
1712359157.3575954,56506,-5542.5
1712359162.1834934,56669,-5708.169921875
1712359165.4139636,56779,-5508.990234375
1712359166.614443,56815,-5454.1201171875
1712359168.406609,56878,-5438.2001953125
1712359171.3879657,56977,-5423.58984375
1712359172.9185588,57029,-5332.990234375
1712359174.3109183,57074,-5247.7001953125
1712359180.1418607,57262,-4751.35986328125
1712359181.6153972,57312,-2903.830078125
1712359184.5916915,57411,-2769.1298828125
1712359189.0266488,57555,-2758.949951171875
1712359195.1464694,57756,-2819.6201171875
1712359196.6265,57805,-2744.25
1712359198.2782214,57861,-2724.449951171875
1712359199.812602,57913,-2729.179931640625
1712359204.3425343,58083,-2819.0
1712359209.2344434,58273,-3039.949951171875
1712359210.7016735,58321,-3085.27001953125
1712359212.2109149,58372,-3105.43994140625
1712359214.4382854,58453,-3200.639892578125
1712359223.069018,58786,-3774.2900390625
1712359225.2315392,58866,-3753.0
1712359229.7733576,59035,-3805.6298828125
1712359239.184222,59390,-4148.259765625
1712359243.508489,59549,-4231.2099609375
1712359248.4754777,59737,-4360.830078125
1712359250.2514665,59800,-4430.85986328125
1712359252.003797,59860,-4456.0
1712359253.8856525,59926,-4430.60986328125
1712359255.7202554,59990,-4415.2998046875
1712359259.550768,60128,-4375.259765625
1712359260.9883573,60176,-4330.75
1712359267.3515286,60407,-4505.22021484375
1712359270.5738695,60516,-4240.830078125
1712359272.1331103,60566,-4228.08984375
1712359276.2842185,60719,-4228.7900390625
1712359280.9936595,60895,-4274.5498046875
1712359284.0771163,61016,-4395.39990234375
1712359286.3164697,61097,-4415.31005859375
1712359290.6129174,61254,-4038.8701171875
1712359292.259783,61309,-3943.97998046875
1712359293.9105062,61368,-3915.639892578125
1712359295.901049,61439,-3744.429931640625
1712359299.8056104,61575,-3693.4599609375
1712359303.948363,61747,-4062.919921875
1712359311.8073847,62069,-4662.72021484375
1712359314.8009884,62189,-4762.580078125
1712359320.008525,62388,-4683.7099609375
1712359325.7160032,62609,-4478.52001953125
1712359331.0857332,62813,-4380.06982421875
1712359333.5027194,62902,-4392.16015625
1712359336.3194742,63009,-4438.7001953125
1712359341.9390006,63225,-4223.39013671875
1712359344.7755551,63337,-4147.06982421875
1712359353.0083754,63656,-3935.169921875
1712359355.6012807,63756,-3973.010009765625
1712359357.8688211,63839,-3970.1298828125
1712359361.0373,63963,-3973.469970703125
1712359366.4639926,64172,-3995.77001953125
1712359369.5566328,64293,-3990.7900390625
1712359372.2847302,64397,-3956.14990234375
1712359375.6696174,64532,-3533.77001953125
1712359388.8133476,65037,-2523.080078125
1712359399.5623252,65452,-2448.6201171875
1712359402.6283429,65572,-2405.3798828125
1712359407.1881745,65740,-2372.72998046875
1712359415.6113505,66060,-2552.409912109375
1712359434.9655576,66804,-2601.659912109375
1712359437.6157308,66904,-2517.050048828125
1712359446.6172588,67253,-2511.550048828125
1712359448.8673742,67340,-2506.199951171875
1712359451.1105728,67423,-2529.60009765625
1712359453.685466,67521,-2658.320068359375
1712359458.833353,67717,-2738.52001953125
1712359464.1633098,67920,-2751.679931640625
1712359469.589408,68128,-2699.39990234375
1712359474.4227939,68306,-2719.610107421875
1712359487.6119974,68812,-2677.139892578125
1712359499.2474263,69261,-2536.719970703125
1712359501.7866657,69360,-2400.050048828125
1712359504.2852492,69454,-2436.22998046875
1712359507.321035,69573,-2438.080078125
1712359512.358701,69765,-2470.449951171875
1712359515.2485962,69879,-2457.739990234375
1712359523.7537503,70209,-2447.22998046875
1712359532.394542,70550,-2357.889892578125
1712359540.3312316,70854,-2357.330078125
1712359549.0046096,71193,-2269.68994140625
1712359551.9804826,71313,-2273.72998046875
1712359555.637567,71461,-2276.699951171875
1712359558.104314,71557,-2221.0400390625
1712359560.3073354,71642,-2198.3701171875
1712359565.8916254,71868,-2230.070068359375
1712359568.5268514,71970,-2281.260009765625
1712359571.294289,72081,-2377.60009765625
1712359576.7522717,72299,-2397.89990234375
1712359579.1546183,72395,-2383.300048828125
1712359582.1223662,72517,-2375.0400390625
1712359587.3186648,72720,-2346.5400390625
1712359593.8593254,72989,-2250.570068359375
1712359595.9886353,73071,-2233.429931640625
1712359606.4734342,73485,-2311.1298828125
1712359617.7428083,73944,-2300.10009765625
1712359626.5218644,74301,-2274.949951171875
1712359628.7002668,74385,-2381.919921875
1712359634.4871092,74624,-2344.56005859375
1712359638.0007367,74765,-2366.31005859375
1712359644.2919903,75029,-2535.2900390625
1712359650.1410227,75265,-2618.719970703125
1712359660.6642983,75705,-3096.550048828125
1712359679.3367488,76437,-3573.719970703125
1712359687.274517,76744,-3658.5
1712359689.9944637,76849,-3694.64990234375
1712359698.1922479,77161,-3785.179931640625
1712359701.231244,77279,-3664.64990234375
1712359703.6523821,77369,-3707.969970703125
1712359708.9601526,77577,-3865.68994140625
1712359711.7317948,77685,-3816.389892578125
1712359714.1624758,77777,-3631.860107421875
1712359716.7607803,77879,-3725.409912109375
1712359722.6601217,78110,-3592.070068359375
1712359736.1639175,78629,-3341.93994140625
1712359739.0929213,78742,-3215.72998046875
1712359756.321534,79413,-3052.320068359375
1712359762.53153,79655,-2826.860107421875
1712359765.3920941,79763,-2804.340087890625
1712359768.2118382,79873,-2737.60009765625
1712359771.0353906,79981,-2840.93994140625
1712359774.0631826,80101,-2802.2900390625
1712359776.3899276,80186,-2765.0
1712359779.2585661,80295,-2681.22998046875
1712359781.9013364,80394,-2666.5
1712359784.9361858,80513,-2689.4599609375
1712359787.6317227,80618,-2745.22998046875
1712359790.6422873,80737,-2724.199951171875
1712359793.895339,80863,-2738.580078125
1712359801.2667062,81141,-2923.510009765625
1712359803.765973,81237,-2839.889892578125
1712359806.160197,81329,-2727.889892578125
1712359811.703642,81545,-2647.340087890625
1712359814.8428774,81668,-2651.989990234375
1712359817.8914688,81786,-2733.81005859375
1712359823.633178,82007,-2767.68994140625
1712359828.2742097,82181,-2789.169921875
1712359833.2219036,82373,-2935.580078125
1712359836.227322,82493,-3000.68994140625
1712359844.5510368,82819,-2922.7900390625
1712359847.4017787,82933,-2876.699951171875
1712359849.9349952,83028,-2948.429931640625
1712359855.2434032,83228,-2767.4599609375
1712359858.1474345,83342,-2814.570068359375
1712359861.0191808,83453,-2944.030029296875
1712359866.2862458,83653,-2642.280029296875
1712359871.7634373,83865,-2674.510009765625
1712359874.4404662,83966,-2755.699951171875
1712359882.8792303,84294,-2960.60009765625
1712359885.2235217,84381,-2876.929931640625
1712359887.891022,84487,-2836.800048828125
1712359890.463081,84585,-2786.56005859375
1712359893.1113327,84685,-2729.3798828125
1712359895.2163503,84763,-2795.719970703125
1712359897.9257097,84865,-2754.35009765625
1712359901.1082125,84990,-3041.780029296875
1712359908.6849575,85296,-3214.050048828125
1712359911.0565138,85385,-3231.10009765625
1712359915.2079053,85556,-3224.179931640625
1712359925.24641,85957,-3929.340087890625
1712359927.78514,86054,-3950.239990234375
1712359930.8105814,86175,-3928.449951171875
1712359935.7511718,86365,-3965.97998046875
1712359938.7679458,86483,-3994.06005859375
1712359941.9561863,86611,-4039.419921875
1712359944.777973,86719,-4038.330078125
1712359950.8306193,86954,-3927.60009765625
1712359955.9920824,87149,-3666.02001953125
1712359959.3286848,87283,-3707.1298828125
1712359962.1270483,87392,-3742.570068359375
1712359966.7137425,87564,-3776.1298828125
1712359972.1414278,87765,-3585.840087890625
1712359977.0833077,87951,-3303.31005859375
1712359979.4095995,88037,-3186.7099609375
1712359982.2950168,88150,-3148.800048828125
1712359989.6471922,88422,-2634.409912109375
1712360000.8279643,88853,-2396.840087890625
1712360003.7150784,88965,-2386.070068359375
1712360010.3150067,89231,-2334.949951171875
1712360012.470336,89310,-2332.330078125
1712360018.5063772,89545,-2418.72998046875
1712360028.6452718,89929,-2592.7099609375
1712360031.4499958,90037,-2574.360107421875
1712360037.0230765,90252,-2494.949951171875
1712360043.3425727,90499,-2635.0400390625
1712360055.2333853,90953,-2637.2900390625
1712360064.0353456,91298,-2713.419921875
1712360066.7452538,91403,-2698.590087890625
1712360072.5972412,91632,-2769.070068359375
1712360075.3112488,91734,-2755.139892578125
1712360078.0915236,91841,-2724.739990234375
1712360081.251561,91965,-2807.89990234375
1712360083.7208543,92060,-2806.080078125
1712360086.3749533,92161,-2801.820068359375
1712360088.35202,92235,-2659.070068359375
1712360089.7141137,92277,-2610.699951171875
1712360091.9957278,92360,-2607.110107421875
1712360101.6399972,92726,-2730.590087890625
1712360104.593839,92844,-2714.050048828125
1712360109.5401506,93029,-2764.7900390625
1712360114.2329133,93205,-2682.8798828125
1712360119.6348543,93409,-2735.719970703125
1712360122.470629,93517,-2765.590087890625
1712360127.8905098,93724,-2569.489990234375
1712360130.3216977,93816,-2484.1201171875
1712360132.986012,93918,-2382.090087890625
1712360141.6817982,94252,-2519.570068359375
1712360144.275496,94350,-2419.8701171875
1712360146.7091684,94443,-2476.419921875
1712360149.198804,94537,-2446.239990234375
1712360152.164185,94654,-2457.1201171875
1712360157.3633583,94852,-2435.56005859375
1712360159.9653964,94952,-2447.0
1712360163.2679737,95085,-2479.18994140625
1712360168.327794,95278,-2332.739990234375
1712360170.6074495,95362,-2417.6201171875
1712360173.0606482,95455,-2300.179931640625
1712360175.8555582,95561,-2278.699951171875
1712360178.8706214,95679,-2348.239990234375
1712360181.7126024,95787,-2355.570068359375
1712360189.7782748,96146,-2251.35009765625
1712360191.2230558,96195,-2270.3798828125
1712360193.373413,96273,-2304.72998046875
1712360201.8822052,96606,-2882.969970703125
1712360207.381338,96821,-3045.5
1712360212.607332,97021,-3068.909912109375
1712360221.4153855,97369,-3394.68994140625
1712360223.4519503,97445,-3429.570068359375
1712360226.1351092,97551,-3495.77001953125
1712360228.7051148,97648,-3581.780029296875
1712360232.2585242,97788,-3562.43994140625
1712360235.5174236,97920,-3567.929931640625
1712360238.128298,98017,-3543.1298828125
1712360240.7400715,98117,-3572.75
1712360246.3079746,98333,-3472.260009765625
1712360248.9692473,98437,-3483.429931640625
1712360251.680227,98543,-3509.7900390625
1712360263.885527,99025,-3364.02001953125
1712360274.747134,99434,-2861.030029296875
1712360277.799009,99557,-2798.9599609375
1712360283.2535386,99767,-2716.169921875
1712360286.3717988,99888,-2711.389892578125
1712360290.019189,100001,-2646.449951171875
1712360292.6162345,100101,-2345.090087890625
1712360295.2549286,100202,-2291.60009765625
1712360298.1532207,100313,-2229.60009765625
1712360306.6189687,100642,-2310.52001953125
1712360309.2277985,100742,-2335.590087890625
1712360311.8148744,100841,-2386.800048828125
1712360326.394803,101403,-2486.8798828125
1712360331.3891118,101593,-2583.139892578125
1712360333.7339976,101682,-2595.760009765625
1712360336.7037628,101800,-2651.800048828125
1712360339.4597645,101905,-2611.0400390625
1712360344.7006161,102102,-2819.4599609375
1712360352.8509772,102416,-2948.659912109375
1712360355.4654074,102515,-3001.93994140625
1712360360.9891472,102728,-3078.590087890625
1712360363.6765733,102831,-3074.030029296875
1712360369.6205432,103086,-3096.43994140625
1712360372.777163,103210,-3048.719970703125
1712360377.5222888,103405,-2965.5
1712360379.4000444,103471,-2873.510009765625
1712360384.4597676,103660,-2782.75
1712360393.639475,104014,-3396.909912109375
1712360396.3272786,104117,-3405.659912109375
1712360402.594687,104363,-3326.919921875
1712360408.3694954,104587,-3243.14990234375
1712360411.145743,104693,-3193.0
1712360413.8627644,104797,-3167.419921875
1712360416.3274357,104891,-3020.179931640625
1712360420.9312117,105062,-3009.340087890625
1712360423.1967854,105145,-2908.4599609375
1712360425.941565,105251,-2836.570068359375
1712360429.8149893,105409,-2927.77001953125
1712360432.6969829,105521,-2895.35009765625
1712360435.4125032,105626,-2937.330078125
1712360438.2080817,105733,-2987.409912109375
1712360441.3532372,105855,-3009.889892578125
1712360448.986788,106141,-3083.659912109375
1712360451.1609662,106223,-3070.659912109375
1712360461.6620212,106620,-2606.39990234375
1712360464.5362928,106729,-2613.81005859375
1712360469.9698021,106937,-2729.7099609375
1712360475.1659281,107135,-2706.43994140625
1712360480.4130898,107337,-2866.2900390625
1712360482.9245882,107432,-2952.68994140625
1712360485.3621604,107521,-2860.780029296875
1712360489.9672222,107714,-2825.1201171875
1712360492.83322,107827,-2854.080078125
1712360495.5556853,107929,-2869.5
1712360501.3902998,108154,-2756.4599609375
1712360507.3020346,108386,-2677.669921875
1712360512.3997803,108580,-2744.570068359375
1712360521.4400485,108932,-2677.81005859375
1712360524.202027,109037,-2636.820068359375
1712360526.9568262,109141,-2550.06005859375
1712360530.0035386,109263,-2571.780029296875
1712360532.9078937,109375,-2536.050048828125
1712360538.872158,109608,-2270.2900390625
1712360541.4547977,109705,-2223.719970703125
1712360544.4731462,109824,-2282.449951171875
1712360549.2979472,110002,-2433.389892578125
1712360552.412143,110123,-2246.969970703125
1712360557.8827152,110331,-2260.280029296875
1712360565.2226095,110606,-2297.06005859375
1712360570.07761,110789,-2347.1201171875
1712360572.582544,110884,-2323.050048828125
1712360575.8103976,111012,-2383.64990234375
1712360584.4264283,111341,-2508.110107421875
1712360594.7352936,111752,-3031.27001953125
1712360597.4384673,111853,-3062.030029296875
1712360603.2878132,112079,-3113.77001953125
1712360609.3117068,112312,-3251.93994140625
1712360615.4414916,112552,-3295.5
1712360618.455201,112669,-3205.7900390625
1712360627.7634375,113013,-3253.52001953125
1712360633.5168455,113236,-3336.139892578125
1712360636.247669,113340,-3238.469970703125
1712360639.208313,113453,-3277.260009765625
1712360641.6125317,113544,-3231.25
1712360647.9028144,113785,-3214.330078125
1712360650.6280491,113889,-3088.02001953125
1712360653.4299288,114000,-3062.85009765625
1712360656.241775,114107,-2970.590087890625
1712360665.1833827,114435,-2727.469970703125
1712360669.892321,114608,-2747.47998046875
1712360672.741664,114718,-2712.1298828125
1712360675.2166526,114812,-2744.429931640625
1712360677.8976731,114913,-2796.929931640625
1712360680.672841,115021,-2758.050048828125
1712360692.0426798,115465,-2882.360107421875
1712360694.993435,115581,-2821.760009765625
1712360697.6530716,115684,-2879.2099609375
1712360700.0068402,115773,-2814.840087890625
1712360707.2279215,116044,-2792.6298828125
1712360709.7727048,116138,-2749.60009765625
1712360712.6103947,116248,-2826.530029296875
1712360716.9785297,116429,-2828.090087890625
1712360719.616924,116529,-2874.840087890625
1712360724.8159387,116731,-2804.06005859375
1712360727.7285385,116845,-2769.2099609375
1712360730.0855703,116932,-2542.010009765625
1712360732.4857981,117021,-2483.75
1712360738.586947,117257,-2443.14990234375
1712360746.5416389,117560,-2458.64990234375
1712360748.9137495,117649,-2408.989990234375
1712360750.8531737,117718,-2386.72998046875
1712360753.2548802,117809,-2423.989990234375
1712360759.0812008,118035,-2291.030029296875
1712360762.8518276,118189,-2299.489990234375
1712360765.8148272,118301,-2313.72998046875
1712360771.22285,118511,-2326.429931640625
1712360774.4055552,118636,-2391.199951171875
1712360780.9610832,118889,-2394.8798828125
1712360783.5083973,118985,-2330.050048828125
1712360795.9725583,119480,-2516.219970703125
1712360798.6284657,119583,-2624.590087890625
1712360804.5470316,119813,-2853.530029296875
1712360807.4229035,119924,-2890.25
1712360809.8232143,120016,-2958.85009765625
1712360813.267244,120156,-3059.530029296875
1712360816.2947223,120275,-3093.199951171875
1712360819.1629446,120384,-3080.9599609375
1712360822.0906112,120497,-3180.830078125
1712360826.9644244,120683,-3122.14990234375
1712360829.3433266,120772,-3171.550048828125
1712360832.4777682,120893,-3154.280029296875
1712360839.8768704,121170,-3205.1298828125
1712360843.1715615,121301,-3214.179931640625
1712360845.3831604,121383,-3133.820068359375
1712360847.169132,121445,-3268.570068359375
1712360852.4885502,121653,-3474.6298828125
1712360868.7594934,122285,-3128.889892578125
1712360871.5699744,122397,-3113.320068359375
1712360874.2480798,122503,-3184.830078125
1712360879.8453984,122725,-3016.510009765625
1712360890.3205252,123140,-2896.010009765625
1712360899.777482,123525,-3594.909912109375
1712360909.2036307,123910,-3937.300048828125
1712360917.2885828,124229,-3904.929931640625
1712360920.0863998,124341,-3713.010009765625
1712360925.5422025,124561,-3601.72998046875
1712360928.9343767,124701,-3550.85009765625
1712360931.9526525,124828,-3538.169921875
1712360934.889554,124947,-3573.679931640625
1712360939.67867,125132,-3610.449951171875
1712360942.8143787,125261,-3548.429931640625
1712360947.9499316,125491,-3461.64990234375
1712360950.060152,125572,-3488.89990234375
1712360953.254357,125705,-3574.610107421875
1712360956.040906,125820,-3615.0400390625
1712360959.0154302,125937,-3650.85009765625
1712360961.5714061,126039,-3606.590087890625
1712360964.3851376,126153,-3653.659912109375
1712360971.3396237,126442,-3049.919921875
1712360974.379724,126564,-2970.409912109375
1712360979.5816672,126772,-2561.7099609375
1712360985.2488117,127003,-2547.219970703125
1712360987.9076867,127109,-2540.52001953125
1712360992.9687598,127313,-2537.550048828125
1712360997.8904116,127505,-2688.2099609375
1712361000.9677525,127629,-2751.330078125
1712361003.6495593,127738,-2803.830078125
1712361006.088826,127832,-2765.429931640625
1712361014.336667,128163,-2712.860107421875
1712361017.1471486,128276,-2707.320068359375
1712361020.0301569,128392,-2699.22998046875
1712361022.7755375,128507,-2619.43994140625
1712361027.9787436,128715,-2560.22998046875
1712361030.8082757,128829,-2568.780029296875
1712361052.1146803,129673,-3116.8701171875
1712361054.6366308,129773,-3076.830078125
1712361061.503521,130063,-3141.909912109375
1712361064.2644646,130173,-3181.110107421875
1712361070.009584,130400,-3114.030029296875
1712361073.2710466,130529,-3122.639892578125
1712361076.4097495,130656,-3119.3798828125
1712361079.660655,130791,-3068.330078125
1712361088.229282,131137,-3151.449951171875
1712361090.9400556,131244,-3161.719970703125
1712361096.3965995,131463,-3188.780029296875
1712361099.3924494,131585,-3272.929931640625
1712361102.0370595,131690,-3340.090087890625
1712361105.4262445,131829,-3410.419921875
1712361112.839449,132123,-3023.800048828125
1712361133.3991902,132907,-3093.580078125
1712361136.2232769,133015,-3068.60009765625
1712361138.8713164,133117,-3105.139892578125
1712361143.9999747,133314,-3085.1298828125
1712361149.089205,133509,-3126.510009765625
1712361151.670734,133608,-3139.909912109375
1712361155.7781363,133773,-3079.719970703125
1712361162.2878866,134032,-3050.81005859375
1712361165.1910338,134144,-3040.0
1712361168.1728952,134261,-2973.85009765625
1712361171.0687928,134373,-2957.929931640625
1712361173.8784292,134483,-2950.8701171875
1712361184.178351,134892,-3055.820068359375
1712361186.679741,134988,-2922.27001953125
1712361189.1193836,135077,-2867.60009765625
1712361201.4310694,135543,-2759.280029296875
1712361204.6917741,135670,-3156.31005859375
1712361207.476376,135777,-3166.4599609375
1712361210.3736463,135889,-3099.4599609375
1712361215.9844766,136108,-3148.449951171875
1712361220.2065787,136280,-3564.860107421875
1712361222.7013836,136373,-3543.929931640625
1712361225.364172,136473,-3549.169921875
1712361227.0786927,136533,-3592.02001953125
1712361239.3844872,137009,-3625.06005859375
1712361242.0214176,137113,-3610.47998046875
1712361247.8567307,137346,-3595.3798828125
1712361250.5474737,137455,-3560.1298828125
1712361253.436742,137572,-3747.419921875
1712361264.3288379,138003,-3703.510009765625
1712361266.9520516,138103,-3702.06005859375
1712361269.325077,138192,-3649.93994140625
1712361272.4926465,138316,-3452.929931640625
1712361275.477748,138432,-3446.97998046875
1712361278.4245067,138545,-3518.580078125
1712361282.4753354,138713,-3873.780029296875
1712361287.514241,138903,-3332.429931640625
1712361290.4794664,139017,-3325.139892578125
1712361293.1725159,139119,-3340.4599609375
1712361295.9409707,139225,-3336.1201171875
1712361298.3316991,139316,-3400.72998046875
1712361301.15249,139423,-3367.18994140625
1712361304.0873725,139535,-3315.840087890625
1712361314.8552694,139948,-3365.989990234375
1712361320.4255528,140161,-3339.639892578125
1712361323.4573348,140278,-3185.409912109375
1712361337.2712905,140801,-3129.949951171875
1712361340.222476,140917,-3122.52001953125
1712361346.0611155,141141,-3072.8701171875
1712361351.6317732,141357,-2640.550048828125
1712361354.5752769,141469,-2678.860107421875
1712361357.5407352,141585,-2713.909912109375
1712361362.5042722,141773,-2828.4599609375
1712361370.221546,142067,-2682.030029296875
1712361372.779223,142161,-2653.159912109375
1712361380.656822,142459,-2713.550048828125
1712361386.0121136,142664,-2620.659912109375
1712361393.1894634,142937,-2583.260009765625
1712361401.0655594,143241,-2712.3798828125
1712361403.0862536,143315,-2731.60009765625
1712361409.345335,143558,-2646.239990234375
1712361411.8245895,143652,-2562.60009765625
1712361415.243445,143787,-2601.169921875
1712361417.505892,143870,-2640.27001953125
1712361419.4647985,143940,-2710.3701171875
1712361422.1500313,144042,-2808.590087890625
1712361425.2212338,144163,-2772.360107421875
1712361430.815506,144379,-2714.389892578125
1712361435.6054175,144577,-3129.1298828125
1712361438.6024263,144693,-3159.739990234375
1712361445.7885334,144965,-3104.6298828125
1712361448.6567013,145077,-2987.389892578125
1712361453.3802967,145255,-2938.929931640625
1712361455.7153766,145341,-2979.18994140625
1712361473.019824,145994,-3067.6201171875
1712361475.6320968,146091,-3111.639892578125
1712361477.9008448,146176,-3066.840087890625
1712361480.5274036,146277,-3128.179931640625
1712361483.1733468,146377,-3115.89990234375
1712361488.4349232,146581,-2883.72998046875
1712361491.325418,146693,-3038.35009765625
1712361494.4368627,146815,-3071.639892578125
1712361497.096097,146918,-3052.3798828125
1712361502.3385048,147116,-2691.760009765625
1712361505.6981153,147248,-2592.4599609375
1712361508.5972981,147360,-2548.64990234375
1712361514.7376983,147600,-2682.760009765625
1712361517.6924608,147711,-2712.139892578125
1712361522.4653468,147889,-2685.219970703125
1712361546.955654,148814,-2439.7900390625
1712361556.7950504,149203,-2485.590087890625
1712361559.6995707,149317,-2291.530029296875
1712361562.8761582,149445,-2357.830078125
1712361566.357792,149585,-2528.81005859375
1712361572.467088,149826,-2493.9599609375
1712361575.12542,149928,-2542.72998046875
1712361580.3514469,150151,-2532.679931640625
1712361585.5373778,150350,-2577.5400390625
1712361595.9486969,150765,-2651.18994140625
1712361598.6981912,150873,-2776.639892578125
1712361601.028045,150958,-2794.47998046875
1712361603.696843,151061,-2777.469970703125
1712361605.94696,151144,-2813.419921875
1712361608.6027014,151245,-2897.43994140625
1712361611.3230202,151349,-2972.030029296875
1712361615.1586666,151505,-3161.5400390625
1712361620.0648406,151692,-3229.340087890625
1712361626.7602034,151954,-3167.1298828125
1712361629.6817389,152071,-3191.989990234375
1712361634.2666347,152240,-3093.260009765625
1712361638.9527793,152414,-3094.909912109375
1712361646.6485846,152733,-3062.139892578125
1712361650.4633763,152887,-3164.030029296875
1712361652.989031,152981,-3229.419921875
1712361655.6884737,153085,-3416.699951171875
1712361658.2526865,153184,-3353.550048828125
1712361661.0025022,153289,-3438.300048828125
1712361672.6543252,153737,-3253.489990234375
1712361686.9829116,154294,-3050.7900390625
1712361689.610068,154393,-3018.409912109375
1712361694.7093754,154589,-3006.39990234375
1712361698.1349814,154725,-3145.820068359375
1712361700.8643444,154829,-3121.7099609375
1712361709.012231,155144,-3207.419921875
1712361711.9052372,155255,-3092.3701171875
1712361714.7281349,155360,-3015.409912109375
1712361717.649415,155472,-3107.699951171875
1712361720.3914092,155577,-3143.320068359375
1712361725.4689074,155768,-2941.219970703125
1712361728.562096,155889,-2892.449951171875
1712361736.657593,156203,-2892.719970703125
1712361742.2221527,156417,-2850.260009765625
1712361749.3900297,156705,-3085.239990234375
1712361752.944838,156848,-2996.35009765625
1712361757.859961,157036,-3076.18994140625
1712361761.337752,157176,-3191.080078125
1712361769.4049454,157488,-3272.5400390625
1712361772.5162134,157609,-3240.699951171875
1712361775.0404081,157705,-3229.320068359375
1712361777.7614725,157809,-3145.47998046875
1712361780.3362343,157908,-3176.1298828125
1712361783.1705554,158016,-3171.39990234375
1712361786.0743268,158128,-3201.419921875
1712361791.9614813,158358,-3145.110107421875
1712361794.522218,158459,-3207.110107421875
1712361797.6405246,158581,-3235.699951171875
1712361799.9042764,158665,-3310.25
1712361804.3820534,158852,-3247.669921875
1712361807.6510003,158978,-3235.860107421875
1712361816.0340288,159330,-4076.64990234375
1712361824.173892,159643,-3937.889892578125
1712361827.6242642,159781,-3947.389892578125
1712361834.1863494,160041,-3995.219970703125
1712361845.0081174,160453,-3667.300048828125
1712361848.221444,160579,-3727.39990234375
1712361853.3888557,160780,-3717.139892578125
1712361855.9125824,160877,-3641.469970703125
1712361863.4473474,161169,-3609.5400390625
1712361869.8942251,161424,-3470.6298828125
1712361872.5945406,161529,-3395.06005859375
1712361875.4091601,161637,-3316.179931640625
1712361881.2517614,161865,-3338.389892578125
1712361884.3490076,161989,-3206.139892578125
1712361887.3212895,162105,-2509.77001953125
1712361889.6891925,162196,-2526.5400390625
1712361895.2840717,162415,-2495.330078125
1712361903.2412195,162721,-2449.679931640625
1712361905.6311607,162812,-2521.199951171875
1712361911.53249,163045,-2581.1201171875
1712361914.6522915,163167,-2594.719970703125
1712361917.5201907,163277,-2565.909912109375
1712361922.7557473,163480,-2535.510009765625
1712361925.3381345,163578,-2545.25
1712361934.2658691,163924,-2549.449951171875
1712361938.9708383,164099,-2690.909912109375
1712361942.357057,164233,-2990.949951171875
1712361947.626859,164437,-3062.239990234375
1712361950.3175027,164541,-3053.550048828125
1712361952.3322518,164616,-3056.52001953125
1712361955.0503387,164722,-3021.340087890625
1712361957.0342124,164795,-2987.47998046875
1712361958.4875846,164841,-2972.919921875
1712361961.1800854,164945,-2951.5400390625
1712361968.9289126,165243,-3181.760009765625
1712361971.7091868,165351,-3251.159912109375
1712361974.4312294,165456,-3129.030029296875
1712361977.1851768,165562,-3160.89990234375
1712361979.6998785,165658,-3275.4599609375
1712361982.4528854,165762,-3250.52001953125
1712361985.1562366,165865,-3235.7900390625
1712361990.5455394,166077,-3455.429931640625
1712361993.307067,166188,-3512.159912109375
1712361995.6508448,166277,-3512.989990234375
1712361998.5814006,166396,-3535.219970703125
1712362000.2871544,166454,-3452.02001953125
1712362001.4252014,166488,-3397.360107421875
1712362008.6869297,166773,-3192.080078125
1712362017.3762915,167128,-3292.090087890625
1712362021.9370701,167304,-3312.9599609375
1712362029.8062365,167642,-3887.159912109375
1712362032.455006,167747,-3757.3701171875
1712362034.9129755,167841,-3896.820068359375
1712362037.3892176,167938,-3770.840087890625
1712362039.8687446,168037,-3868.449951171875
1712362052.731172,168570,-3760.14990234375
1712362063.5980692,169001,-3479.6298828125
1712362068.9729438,169213,-3502.820068359375
1712362071.4849782,169311,-3467.669921875
1712362074.1488402,169413,-3471.239990234375
1712362079.6712062,169635,-3326.169921875
1712362081.9812388,169721,-3288.449951171875
1712362084.1513336,169803,-3257.030029296875
1712362091.9087715,170104,-3195.199951171875
1712362100.5401027,170441,-2537.699951171875
1712362103.224796,170547,-2399.18994140625
1712362106.3466737,170669,-2442.75
1712362112.1982133,170905,-2389.2099609375
1712362115.3618658,171032,-2398.5400390625
1712362117.8239284,171128,-2447.340087890625
1712362123.0963252,171333,-2510.199951171875
1712362125.6092227,171429,-2464.93994140625
1712362132.1209524,171690,-2565.8798828125
1712362136.3296926,171862,-2785.260009765625
1712362138.93025,171961,-2716.31005859375
1712362141.229133,172049,-2748.570068359375
1712362144.4213922,172177,-2786.77001953125
1712362146.9848251,172274,-2772.489990234375
1712362152.0191646,172468,-2848.409912109375
1712362155.127211,172589,-2814.080078125
1712362163.295835,172907,-2781.52001953125
1712362176.3860714,173401,-2792.31005859375
1712362189.7230213,173943,-2780.659912109375
1712362212.4065728,174831,-3348.360107421875
1712362214.8644938,174925,-3209.18994140625
1712362217.4178057,175024,-3259.8701171875
1712362219.6897955,175111,-3240.260009765625
1712362222.5883062,175224,-3269.860107421875
1712362233.274768,175654,-3423.5400390625
1712362236.4146273,175777,-3310.780029296875
1712362241.1360478,175957,-3326.31005859375
1712362244.047832,176073,-3335.860107421875
1712362249.964023,176305,-3338.949951171875
1712362252.8337424,176413,-3302.81005859375
1712362255.389878,176509,-3350.77001953125
1712362260.0123405,176704,-3784.340087890625
1712362265.869081,176933,-3746.030029296875
1712362268.3389285,177029,-3658.25
1712362271.1239812,177140,-3669.570068359375
1712362273.6821995,177237,-3615.139892578125
1712362275.482648,177301,-3694.72998046875
1712362280.0629618,177471,-3332.7099609375
1712362282.5620375,177568,-3213.97998046875
1712362285.4037492,177678,-3237.739990234375
1712362290.9819782,177893,-3193.969970703125
1712362296.6876864,178116,-3220.360107421875
1712362299.3505657,178220,-3136.1298828125
1712362312.3502045,178720,-3451.43994140625
1712362317.0937674,178900,-3405.139892578125
1712362329.7139866,179396,-3325.449951171875
1712362332.4850488,179501,-3342.39990234375
1712362335.2369802,179609,-3300.820068359375
1712362345.1560748,179981,-3365.52001953125
1712362359.797867,180481,-3463.77001953125
1712362362.9521909,180577,-3428.090087890625
1712362372.5799768,180879,-3442.760009765625
1712362375.1071887,180976,-3412.050048828125
1712362383.6424882,181244,-3364.510009765625
1712362387.0259154,181349,-3234.780029296875
1712362395.0673404,181593,-3172.60009765625
1712362398.1493843,181693,-2717.830078125
1712362400.8177004,181776,-2692.929931640625
1712362403.4571095,181857,-2705.2900390625
1712362406.1955254,181942,-2808.419921875
1712362409.1637156,182035,-2818.139892578125
1712362411.5437183,182106,-2815.840087890625
1712362417.0778596,182277,-2494.93994140625
1712362419.8347015,182364,-2512.760009765625
1712362422.3198986,182438,-2550.739990234375
1712362424.6401367,182509,-2492.75
1712362427.1543806,182587,-2535.0
1712362429.572581,182660,-2525.530029296875
1712362432.3565416,182747,-2592.719970703125
1712362435.3242543,182839,-2603.85009765625
1712362437.9825974,182920,-2594.02001953125
1712362451.2928834,183361,-2541.780029296875
1712362460.0338254,183661,-2463.080078125
1712362463.380686,183768,-2425.659912109375
1712362466.5438979,183865,-2425.2099609375
1712362469.170951,183945,-2533.820068359375
1712362474.976025,184127,-2674.93994140625
1712362477.9909055,184221,-2567.449951171875
1712362480.8882973,184311,-2553.159912109375
1712362483.9189095,184405,-2536.679931640625
1712362487.0795333,184505,-2566.030029296875
1712362489.6376278,184582,-2587.530029296875
1712362492.7557752,184680,-2611.449951171875
1712362495.9135227,184777,-2502.389892578125
1712362500.6418614,184933,-2586.389892578125
1712362516.4700081,185468,-2804.47998046875
1712362522.0083337,185665,-2808.68994140625
1712362524.1804318,185745,-2788.780029296875
1712362535.9338899,186186,-2733.820068359375
1712362539.8287578,186317,-3023.77001953125
1712362542.6738305,186426,-3058.360107421875
1712362548.2419972,186641,-3282.2099609375
1712362559.4482646,187071,-3148.929931640625
1712362567.4542487,187374,-3259.6298828125
1712362573.1043687,187593,-3292.590087890625
1712362584.4738564,188029,-3238.409912109375
1712362587.4970515,188148,-3220.389892578125
1712362590.153771,188247,-3395.659912109375
1712362593.4800935,188378,-3340.889892578125
1712362602.199332,188713,-3427.7099609375
1712362608.0103061,188936,-3389.300048828125
1712362611.1334863,189058,-3146.719970703125
1712362613.6955442,189153,-3270.10009765625
1712362615.6817808,189222,-3333.75
1712362618.4704301,189327,-3136.52001953125
1712362623.8844554,189539,-3137.830078125
1712362626.5178835,189641,-3123.820068359375
1712362635.4608698,189994,-3082.3701171875
1712362638.7499228,190125,-3120.739990234375
1712362641.4214337,190231,-3151.239990234375
1712362644.4493508,190350,-3094.530029296875
1712362646.9887536,190449,-3063.949951171875
1712362649.95666,190549,-3024.159912109375
1712362664.5311224,191099,-2783.06005859375
1712362667.4036264,191209,-2720.60009765625
1712362669.9927526,191309,-2701.830078125
1712362683.564848,191796,-2667.280029296875
1712362690.5010774,192017,-2621.31005859375
1712362692.7341495,192083,-2619.080078125
1712362695.7727642,192177,-2614.320068359375
1712362699.2173567,192289,-2694.330078125
1712362706.8665483,192537,-2719.860107421875
1712362709.6125147,192623,-2758.75
1712362712.2316966,192704,-2701.64990234375
1712362715.0414486,192789,-2641.9599609375
1712362718.4305122,192898,-2591.409912109375
1712362721.734908,193001,-2580.3798828125
1712362724.9212399,193101,-2559.510009765625
1712362730.853696,193288,-2566.590087890625
1712362736.3687928,193457,-2584.699951171875
1712362738.8903158,193533,-2619.550048828125
1712362741.8801684,193626,-2651.679931640625
1712362747.800109,193812,-2676.800048828125
1712362750.4659066,193894,-2646.989990234375
1712362755.8987806,194061,-2624.3701171875
1712362760.9347186,194213,-2526.679931640625
1712362764.298458,194321,-2639.080078125
1712362767.5881722,194427,-2752.85009765625
1712362770.8645175,194529,-2696.18994140625
1712362773.8496537,194622,-2611.300048828125
1712362792.4481912,195237,-3566.429931640625
1712362795.88471,195346,-3594.659912109375
1712362798.967611,195444,-3585.580078125
1712362803.1311698,195461,-3546.06005859375
1712362806.2711215,195479,-3511.429931640625
1712362810.5935926,195497,-3435.139892578125
1712362813.2296417,195525,-3399.219970703125
1712362818.0997024,195585,-3263.030029296875
1712362821.106074,195632,-3182.75
1712362823.9284096,195661,-3084.75
1712362826.3586628,195694,-3018.3798828125
1712362837.8390627,195856,-2844.989990234375
1712362843.2668514,195925,-2773.39990234375
1712362846.2883623,195965,-2670.949951171875
1712362848.7863214,196001,-2542.989990234375
1712362852.8219805,196049,-2512.820068359375
1712362858.2702389,196117,-1722.260009765625
1712362861.2718039,196161,-1422.760009765625
1712362863.898794,196193,-1338.8499755859375
1712362866.6603932,196231,-1298.1400146484375
1712362869.1404352,196264,-1322.6700439453125
1712362872.1981637,196305,-1320.5699462890625
1712362874.8849146,196341,-1333.9200439453125
1712362880.2343805,196417,-1356.31005859375
1712362883.5784867,196461,-1314.3599853515625
1712362885.7466838,196485,-1330.4599609375
1712362887.4317415,196501,-1292.1199951171875
1712362889.2302632,196520,-1323.3599853515625
1712362891.2464743,196541,-1340.0400390625
1712362893.6606336,196573,-1381.9200439453125
1712362896.1092749,196608,-1362.199951171875
1712362898.8622377,196642,-1377.8800048828125
1712362905.9987216,196737,-1496.4300537109375
1712362908.492282,196769,-1507.469970703125
1712362913.6235247,196837,-1517.18994140625
1712362915.9019904,196885,-1525.6400146484375
1712362924.037345,197209,-1649.0999755859375
1712362926.2882864,197293,-1799.050048828125
1712362930.4921188,197472,-1901.6700439453125
1712362933.239401,197581,-1972.7900390625
1712362936.076525,197693,-2207.669921875
1712362940.963206,197884,-2231.52001953125
1712362943.2984757,197972,-2279.929931640625
1712362948.5925379,198177,-2368.570068359375
1712362951.1296628,198277,-2367.27001953125
1712362958.1463623,198564,-2793.47998046875
1712362961.1033032,198679,-2802.530029296875
1712362964.052605,198793,-3067.360107421875
1712362967.0335531,198912,-3106.85009765625
1712362973.0258145,199133,-3126.510009765625
1712362975.980707,199225,-3106.3701171875
1712362982.5305014,199487,-3241.47998046875
1712362985.0638177,199585,-3338.989990234375
1712362987.4033258,199673,-3352.300048828125
1712362993.026332,199862,-3241.739990234375
1712362995.6372814,199945,-3203.3798828125
1712362999.1342773,200037,-3079.989990234375
